"",,,,,,,,,Other
"",,,,,Non-,No,With,Hetero-,
Sample:,All,Male,Female,White,,,,,sexual
"",,,,,White,disability,disability,sexual,
"",,,,,,,,,orientation
Have you personally experienced discrimination or unfair treatment with,,,,,,,,,
regard to:,,,,,,,,,
Promotion decisions,0.18,0.13,0.31,0.16,0.27,0.17,0.25,0.18,0.16
Compensation,0.16,0.11,0.32,0.14,0.26,0.15,0.25,0.16,0.19
Professional development opportunities,0.16,0.12,0.29,0.15,0.24,0.16,0.24,0.16,0.21
Publishing decisions,0.17,0.15,0.24,0.16,0.23,0.17,0.19,0.17,0.22
